Name,Road Address,Jibun Address
이마트 미아점,서울 성북구 도봉로 17 이마트미아점복사,길음동 25-2 이마트미아점복사
이마트 하월곡점,서울 성북구 하월곡동 종암로 167 이마트하월곡점복사,230 이마트하월곡점복사
이마트 월계점,서울 노원구 마들로3길 15복사,월계동 333-1복사
이마트 청계천점,서울 중구 청계천로 400 이마트청계천점복사,황학동 2545 이마트청계천점복사
이마트 묵동점,서울 중랑구 동일로 932 묵동자이2단지복사,묵동 170-1 자이프라자 지하복사
이마트 창동점,서울 도봉구 노해로65길 4 창동E-MART복사,창동 135-26 E-MART복사
이마트 왕십리점,서울 성동구 왕십리광장로 17 이마트왕십리점복사,행당동 168-151 이마트왕십리점복사
이마트 은평점,서울 은평구 은평로 111 이마트은평점복사,응암동 90-1 이마트은평점복사
이마트 자양점,서울 광진구 아차산로 272 이마트자양점복사,자양동 227-7 이마트자양점복사
이마트 마포점,서울 마포구 백범로 212 대우 월드마크마포복사,신공덕동 173 대우 월드마크마포복사
이마트 신촌점,서울 마포구 신촌로 94복사,노고산동 57-1복사
이마트 별내점,경기 남양주시 순화궁로 167복사,별내동 989복사
이마트 용산점,서울 용산구 한강대로23길 55 이마트용산점복사,한강로3가 40-999 이마트용산점복사
이마트 수색점,서울 은평구 수색로 217 디엠씨 자이1단지(DMC 자이1)복사,수색동 75 디엠씨 자이1단지(DMC 자이1)복사
이마트 다산점,경기 남양주시 도농로 24 부영애시앙 901동복사,다산동 4001-29 부영애시앙 901동복사
이마트 천호점,서울 강동구 천호대로 1017 이마트천호점복사,천호동 454-1 이마트천호점복사
이마트 역삼점,서울 강남구 역삼로 310 이마트역삼점복사,역삼동 755 이마트역삼점복사
이마트 여의도점,서울 영등포구 여의동로3길 10 여의도자이복사,여의도동 47 GS자이아파트 B1층복사
이마트 명일점,서울 강동구 고덕로 276 이마트 명일점복사,명일동 46-4 이마트 명일점복사
이마트 영등포점,서울 영등포구 영중로 15 이마트영등포점복사,영등포동4가 442 이마트영등포점복사
이마트 수서점,서울 강남구 광평로 280 로즈데일빌딩복사,수서동 724 로즈데일빌딩복사
이마트 목동점,서울 양천구 오목로 299복사,목동 962복사
이마트 신도림점,서울 구로구 새말로 97 테크노마트 B2층복사,구로동 3-25 테크노마트 B2층복사
이마트 양재점,서울 서초구 매헌로 16복사,양재동 215복사
이마트 의정부점,경기 의정부시 민락로 210 이마트복사,민락동 849 이마트복사
이마트 화정점,경기 고양시 덕양구 백양로 79 이마트복사,화정동 976 이마트복사
이마트 가든파이브점,서울 송파구 충민로 10 가든파이브툴 지하1층복사,문정동 628 가든파이브툴 지하1층복사
이마트 하남점,경기 하남시 덕풍서로 70 하남풍산지구E-MART복사,덕풍동 736복사
이마트 구로점,서울 구로구 디지털로32길 43 이마트구로점복사,구로동 188-26 이마트구로점복사
이마트 진접점,경기 남양주시 금강로유연들1길 154 진접이마트복사,진접읍 연평리 101-14 진접이마트복사
이마트 신월점,서울 양천구 화곡로 59복사,신월5동 26복사
이마트 남양주점,경기 남양주시 늘을2로 27 E-MART복사,호평동 637 E-MART복사
이마트 과천점,경기 과천시 별양상가3로 11복사,별양동 1-19복사
이마트 일산점,경기 고양시 일산동구 중앙로 1124 흰돌마을복사,백석동 1194 흰돌마을복사
이마트 성남점,경기 성남시 수정구 수정로 201 이마트성남점복사,태평동 7336 이마트성남점복사
이마트 풍산점,경기 고양시 일산동구 무궁화로 237 이마트풍산점복사,중산동 1809 이마트풍산점복사
이마트 광명소하점,경기 광명시 소하로 97복사,소하동 1339-3복사
이마트 평촌점,경기 안양시 동안구 시민대로 300 이마트평촌점복사,관양동 1608 이마트평촌점복사
이마트 안양점,경기 안양시 동안구 관악대로 104 (주)부방유통 안양이마트복사,비산동 411-8 (주)부방유통 안양이마트복사
이마트 부천점,경기 부천시 소사구 심곡본동 부천로 1 부천역사 쇼핑몰복사,316-2 이마트부천점복사
이마트 중동점,경기 부천시 원미구 석천로 188 이마트중동점복사,중동 1157 이마트점복사
이마트 양주점,경기 양주시 평화로 1713 이마트복사,회정동 98 이마트복사
이마트 계양점,인천 계양구 봉오대로 785 이마트 계양점복사,작전동 911-1 이마트 계양점복사
이마트 파주운정점,경기 파주시 한울로 123복사,동패동 1763복사
이마트 파주점,경기 파주시 당하길 10 이마트복사,당하동 195-5 이마트복사
이마트 산본점,경기 군포시 산본로 347 신세계산본점복사,산본동 1123 신세계산본점복사
이마트 포천점,경기 포천시 호국로 915복사,설운동 2복사
이마트 의왕점,경기 의왕시 경수대로 262 지하1~2층복사,오전동 324-4 지하1~2층복사
이마트 분당점,경기 성남시 분당구 불정로 134복사,정자동 211복사
이마트 검단점,인천 서구 서곶로 754 E-MART복사,당하동 1065-1 E-MART복사
이마트 경기광주점,경기 광주시 광주대로 30 광주터미널 이프라자복사,경안동 25-3 광주터미널 이프라자복사
이마트 죽전점,경기 용인시 수지구 포은대로 552 이마트죽전점복사,죽전동 1282 이마트죽전점복사
이마트 수지점,경기 용인시 수지구 수지로 203 이마트수지점복사,신봉동 909 이마트수지점복사
이마트 김포한강점,경기 김포시 김포한강7로 71 이마트 김포한강점복사,구래동 6880-9 이마트 김포한강점복사
이마트 광교점,경기 수원시 영통구 광교로 191복사,이의동 1240복사
이마트 서수원점,경기 수원시 권선구 수인로 291 서수원버스터미널복사,구운동 925 서수원버스터미널복사
이마트 흥덕점,경기 용인시 기흥구 흥덕중앙로 60복사,영덕동 985-3복사
이마트 연수점,인천 연수구 경원대로 184 이마트연수점복사,동춘동 926-9 이마트연수점복사
이마트 동인천점,인천 중구 인중로 134복사,신생동 38복사
이마트 동백점,경기 용인시 기흥구 동백죽전대로 444 쥬네브썬월드빌딩복사,중동 833 쥬네브썬월드빌딩복사
이마트 안산고잔점,경기 안산시 단원구 원포공원1로 46복사,초지동 742-6복사
이마트 수원점,경기 수원시 권선구 경수대로 270 주차빌딩복사,권선동 1189 주차빌딩복사
이마트 보라점,경기 용인시 기흥구 한보라1로 92 보라지구E-MART복사,보라동 623-1 보라지구E-MART복사
이마트 화성봉담점,경기 화성시 봉담읍 효행로 278복사,동화리 133-1복사
이마트 동탄점,경기 화성시 동탄중앙로 376 화성 동탄 E-Mart복사,석우동 44 화성 동탄 E-Mart복사
이마트 용인점,경기 용인시 처인구 명지로 53복사,역북동 586-6복사
이마트 이천점,경기 이천시 이섭대천로 1440-50복사,증포동 47-4복사
이마트 오산점,경기 오산시 경기대로 181 오산이마트복사,원동 360-6 오산이마트복사
이마트 여주점,경기 여주시 세종로 151복사,홍문동 401복사
이마트 평택점,경기 평택시 영신로 29 이마트복사,지제동 50 이마트복사
이마트 춘천점,강원 춘천시 경춘로 2353 이마트 춘천점복사,온의동 511 이마트 춘천점복사
이마트 안성점,경기 안성시 중앙로 246 안성E-MART복사,석정동 149-3 안성E-MART복사
이마트 원주점,강원 원주시 북원로 1928 E - MART복사,무실동 1062-1 E - MART복사
이마트 천안서북점,충남 천안시 서북구 삼성대로 20복사,백석동 1047복사
이마트 천안터미널점,충남 천안시 동남구 만남로 43 이마트 천안터미널점복사,신부동 354-1 이마트 천안터미널점복사
이마트 천안점,충남 천안시 서북구 충무로 187 E-마트복사,쌍용동 191 E-마트복사
이마트 아산점,충남 아산시 온천대로 1678복사,풍기동 477복사
이마트 서산점,충남 서산시 서해로 3685복사,잠홍동 463복사
이마트 충주점,충북 충주시 중원대로 3420 이마트복사,문화동 1024 이마트복사
이마트 청주점,충북 청주시 서원구 청남로 1853복사,미평동 123-1복사
이마트 제천점,충북 제천시 장평천로 11 제천E-MART복사,강제동 684 제천E-MART복사
이마트 세종점,세종 금송로 687 이마트세종점복사,가람동 406 이마트세종점복사
이마트 둔산점,대전 서구 둔산북로 41복사,둔산동 959-2복사
이마트 대전터미널점,대전 동구 동서대로 1689 대전복합터미널 (서관)복사,용전동 63-3 대전복합터미널 (서관)복사
이마트 보령점,충남 보령시 해안로 25 이마트보령점복사,궁촌동 340-1 이마트보령점복사
이마트 속초점,강원 속초시 설악금강대교로 12복사,청호동 459-134복사
이마트 상주점,경북 상주시 경상대로 3141복사,만산동 693-29복사
이마트 강릉점,강원 강릉시 경강로 2398-10복사,송정동 1008-7복사
이마트 태백점,강원 태백시 굴거랑길 4복사,화전동 113복사
이마트 군산점,전북 군산시 구암3.1로 137복사,경암동 590-296복사
이마트 동해점,강원 동해시 천곡로 100 동해E-MART복사,천곡동 831 동해E-MART복사
이마트 익산점,전북 익산시 평동로 705 E마트복사,동산동 667-53복사
이마트 안동점,경북 안동시 옥동1길 2복사,옥동 796-1복사
이마트 김천점,경북 김천시 시청로 75 이마트복사,신음동 990-1 이마트복사
이마트 에코시티점,전북 전주시 덕진구 세병서로 9복사,송천동2가 1329-2복사
이마트 전주점,전북 전주시 완산구 당산로 111 E마트복사,서신동 767 E마트복사
이마트 구미점,경북 구미시 구미대로 256복사,광평동 65-1복사
이마트 동구미점,경북 구미시 이계북로 23복사,임수동 92-28복사
이마트 성서점,대구 달서구 이곡동로 24복사,이곡동 1254-1복사
이마트 칠성점,대구 북구 침산로 93 스펙트럼시티복사,칠성동2가 20-1 스펙트럼시티복사
이마트 월배점,대구 달서구 진천로 92복사,대천동 555복사
이마트 만촌점,대구 수성구 동원로 136 이마트만촌점복사,만촌동 1356-5 이마트만촌점복사
이마트 반야월점,대구 동구 안심로 389-2 이마트 반야월점복사,신서동 520-1 이마트 반야월점복사
이마트 남원점,전북 남원시 남문로 385-16복사,왕정동 146-1복사
이마트 경산점,경북 경산시 옥산로 227 경산이마트복사,중산동 623 경산이마트복사
이마트 영천점,경북 영천시 최무선로 83복사,오수동 286복사
이마트광주점,광주 서구 죽봉대로 61 광주 이마트복사,화정동 12-13 광주 이마트복사
이마트 광산점,광주 광산구 사암로 172복사,우산동 1598-3복사
이마트 봉선점,광주 남구 봉선로 198복사,봉선동 1064복사
이마트 포항이동점,경북 포항시 북구 대이로 188 이마트복사,득량동 305 이마트복사
이마트 포항점,경북 포항시 남구 냉천로 10복사,인덕동 161-176복사
이마트 진주점,경남 진주시 진양호로 477복사,인사동 3복사
이마트 순천점,전남 순천시 팔마로 191 (주)이마트복사,덕암동 169 주이마트복사
이마트 마산점,경남 창원시 마산합포구 서성로 3 이마트복사,중앙동3가 4-1 이마트복사
이마트 창원점,경남 창원시 성산구 원이대로 608복사,중앙동 91복사
이마트 양산점,경남 양산시 양산역6길 12복사,중부동 705복사
이마트 울산점,울산 남구 남중로 48복사,삼산동 1646복사
이마트 사천점,경남 사천시 삼천포대교로 591 E-마트사천점복사,좌룡동 388-10 E-마트사천점복사
이마트 김해점,경남 김해시 김해대로 2232복사,외동 1264복사
이마트 목포점,전남 목포시 옥암로 138 목포이마트복사,옥암동 915-25 목포이마트복사
이마트 금정점,부산 금정구 중앙대로1841번길 24복사,구서동 368복사
이마트 여수점,전남 여수시 좌수영로 277복사,오림동 405-1복사
이마트 사상점,부산 사상구 광장로 17복사,괘법동 531-2복사
이마트 연제점,부산 연제구 연수로 89복사,연산동 822-7복사
이마트 통영점,경남 통영시 죽림4로 9복사,광도면 죽림리 1566-2복사
이마트 문현점,부산 남구 전포대로91번길 47 E마트복사,문현동 751 E마트복사
이마트 해운대점,부산 해운대구 좌동순환로 511복사,중동 1767복사
이마트 제주점,제주 제주시 탑동로 38복사,삼도이동 1259복사
이마트 신제주점,제주 제주시 1100로 3348 이마트복사,노형동 919 이마트복사
이마트 서귀포점,제주 서귀포시 일주동로 9209 E-마트복사,법환동 841-2 E-마트복사
롯데마트 삼양점,서울 강북구 삼양로 247 롯데마트 삼양점복사,미아동 1359 롯데마트 삼양점복사
롯데마트 청량리점,서울 동대문구 왕산로 214복사,전농동 591-53복사
롯데마트 행당역점,"서울 성동구 행당로 84 한진타운상가 B2, B3복사","행당동 346 한진타운상가 B2, B3복사"
롯데마트 중계점,서울 노원구 노원로 330 롯데마트중계점복사,중계동 361 롯데마트중계점복사
롯데마트 제타플렉스 서울역점,서울 중구 한강대로 405복사,봉래동2가 122-11복사
롯데마트 그랑그로서리은평점,서울 은평구 통일로 1050 롯데몰 은평점복사,진관동 63 롯데몰 은평점복사
롯데마트 강변점,서울 광진구 광나루로56길 85 테크노마트 지하 2층복사,구의동 546-4 테크노마트 지하 2층복사
롯데마트 제타플렉스 잠실점,서울 송파구 올림픽로 240복사,잠실동 40-1복사
롯데마트 장암점,경기 의정부시 장곡로 224 롯데마트 장암점복사,장암동 38-10 롯데마트 장암점복사
롯데마트 월드타워점,서울 송파구 올림픽로 300 롯데월드몰 B2복사,신천동 29 롯데월드몰 B2복사
롯데마트 서초점,서울 서초구 서초대로38길 12복사,서초동 1498-5복사
롯데마트 양평점,서울 영등포구 선유로 138복사,양평동3가 45복사
롯데마트 송파점,서울 송파구 중대로 80 롯데마트송파점복사,문정동 150-2 롯데마트송파점복사
롯데마트 고양점,경기 고양시 덕양구 충장로 150복사,행신동 941복사
롯데마트 화정점,경기 고양시 덕양구 화중로 66 롯데마트 화정점복사,화정동 982 롯데마트 화정점복사
롯데마트 덕소점,경기 남양주시 와부읍 월문천로 33 롯데마트 덕소점복사,덕소리 501-3 롯데마트 덕소점복사
롯데마트 김포공항점,서울 강서구 하늘길 38 롯데마트 김포공항점 B2복사,방화동 886 롯데마트 김포공항점 B2복사
롯데마트 금천점,서울 금천구 시흥대로 291복사,독산동 1155복사
롯데마트 주엽점,경기 고양시 일산서구 중앙로 1496 문촌마을복사,주엽동 15 문촌마을복사
롯데마트 판교점,경기 성남시 분당구 대왕판교로606번길 58복사,삼평동 741복사
롯데마트 의왕점,경기 의왕시 계원대학로 7 롯데마트의왕점복사,내손동 743 롯데마트의왕점복사
롯데마트 마석점,경기 남양주시 화도읍 경춘로 1992복사,마석우리 255-24복사
롯데마트 계양점,인천 계양구 장제로 822 롯데마트계양점복사,계산동 1059-1 롯데마트계양점복사
롯데마트 시흥점,경기 시흥시 비둘기공원로 28복사,대야동 542복사
롯데마트 삼산점,인천 부평구 길주로 623 롯데마트삼산점복사,삼산동 465-1 롯데마트삼산점복사
롯데마트 부평역점,인천 부평구 광장로 16 부평민자역사 2층복사,부평동 738-21 부평민자역사 2층복사
롯데마트 부평점,인천 부평구 마장로 296 롯데마트 부평점복사,산곡2동 159-52 롯데마트 부평점복사
롯데마트 동두천점,경기 동두천시 평화로2169번길 21복사,송내동 551복사
롯데마트 김포한강점,경기 김포시 김포한강2로 41복사,장기동 2031복사
롯데마트 검단점,인천 서구 원당대로 581복사,마전동 1031-1복사
롯데마트 롯데몰수지점,경기 용인시 수지구 성복2로 38 롯데마트 롯데몰수지점복사,성복동 23 롯데마트 롯데몰수지점복사
롯데마트 청라점,인천 서구 청라커낼로 252복사,청라동 159-1복사
롯데마트 선부점,경기 안산시 단원구 달미로 64 수정한양아파트복사,선부동 1086 수정한양아파트복사
롯데마트 천천점,경기 수원시 장안구 만석로19번길 25-10 롯데마트 천천점복사,천천동 525 롯데마트 천천점복사
롯데마트 광교점,경기 수원시 영통구 센트럴타운로 85복사,이의동 1332복사
롯데마트 안산점,경기 안산시 상록구 항가울로 422복사,성포동 590복사
롯데마트 시흥배곧점,경기 시흥시 서울대학로278번길 67복사,배곧동 202복사
롯데마트 연수점,인천 연수구 청능대로 87 롯데마트 연수점복사,청학동 502-4 롯데마트 연수점복사
롯데마트 상록점,경기 안산시 상록구 반석로 8복사,본오동 880복사
롯데마트 신갈점,경기 용인시 기흥구 중부대로 375 기흥역롯데캐슬스카이복사,신갈동 63 기흥역롯데캐슬스카이복사
롯데마트 수원점,경기 수원시 권선구 세화로 134 롯데마트수원점복사,서둔동 296-77 롯데마트수원점복사
롯데마트 시화점,경기 시흥시 마유로238번길 26복사,정왕동 1366-4복사
롯데마트 영통점,경기 수원시 영통구 봉영로 1579 롯데마트 영통점복사,영통동 960-1 롯데마트 영통점복사
롯데마트 권선점,경기 수원시 권선구 동수원로 232복사,권선동 1296-5복사
롯데마트 송도점,인천 연수구 컨벤시아대로 177복사,송도동 6-11복사
롯데마트 경기양평점,경기 양평군 양평읍 남북로 76 롯데마트 경기양평점복사,공흥리 468-33 롯데마트 경기양평점복사
롯데마트 영종도점,인천 중구 흰바위로 51 롯데마트 영종도점복사,운서동 2803-2 롯데마트 영종도점복사
롯데마트 오산점,경기 오산시 경기대로 271 롯데마트오산점복사,오산동 868 롯데마트오산점복사
롯데마트 이천점,경기 이천시 구만리로 191복사,안흥동 474복사
롯데마트 춘천점,강원 춘천시 방송길 84 롯데마트복사,온의동 6-25 롯데마트복사
롯데마트 안성점,경기 안성시 공도읍 서동대로 4478 롯데마트복사,양기리 306 롯데마트복사
롯데마트 평택점,경기 평택시 평택5로 30복사,합정동 968-1복사
롯데마트 석사점,강원 춘천시 세실로 108복사,석사동 27-2복사
롯데마트 당진점,충남 당진시 정안로 20 롯데마트복사,원당동 824 롯데마트복사
롯데마트 원주점,강원 원주시 봉화로 1복사,단계동 1123복사
롯데마트 성정점,충남 천안시 서북구 성정두정로 1 롯데마트 성정점복사,성정동 1486 롯데마트 성정점복사
롯데마트 아산터미널점,충남 아산시 번영로 225 롯데마트 아산터미널점복사,모종동 555-5 롯데마트 아산터미널점복사
롯데마트 충주점,충북 충주시 봉계1길 49 충주공용버스터미널복사,칠금동 849 충주공용버스터미널복사
롯데마트 서산점,충남 서산시 충의로 27복사,예천동 508-7복사
롯데마트 서청주점,충북 청주시 흥덕구 2순환로 1004 1층 롯데마트 서청주점복사,비하동 811 1층 롯데마트 서청주점복사
롯데마트 청주점,충북 청주시 흥덕구 풍산로 15 대우 메가폴리스 지하1층복사,가경동 1416-2 대우 메가폴리스 지하1층복사
롯데마트 홍성점,충남 홍성군 홍성읍 조양로247번길 9복사,고암리 1042복사
롯데마트 제천점,충북 제천시 용두대로 111 롯데마트 제천점복사,하소동 77 롯데마트 제천점복사
롯데마트 상당점,충북 청주시 상당구 용암북로160번길 60복사,용암동 2634복사
롯데마트 대덕점,대전 유성구 테크노중앙로 14 롯데마트대덕테크노밸리점복사,관평동 887 롯데마트대덕테크노밸리점복사
롯데마트 노은점,대전 유성구 북유성대로 206복사,하기동 519복사
롯데마트 서대전점,대전 유성구 유성대로 26-37복사,원내동 33-2복사
롯데마트 익산점,전북 익산시 무왕로 1053복사,영등동 833-2복사
롯데마트 군산점,전북 군산시 수송로 185 롯데마트복사,수송동 833복사
롯데마트 김천점,경북 김천시 시청로 80복사,신음동 470복사
롯데마트 전주점,전북 전주시 완산구 우전로 240 롯데마트 전주점복사,효자동2가 1234-3 롯데마트 전주점복사
롯데마트 구미점,경북 구미시 구미대로22길 11 롯데마트구미점복사,신평동 465 롯데마트구미점복사
롯데마트 정읍점,전북 정읍시 벚꽃로 85 롯데마트복사,농소동 446-1 롯데마트복사
롯데마트 대구율하점,대구 동구 안심로 80 롯데쇼핑프라자복사,율하동 1117 롯데쇼핑프라자복사
롯데마트 남원점,전북 남원시 춘향로 96복사,향교동 2-6복사
롯데마트 첨단점,광주 광산구 첨단강변로99번길 22복사,쌍암동 694-3복사
롯데마트 광주수완점,광주 광산구 장신로 98복사,장덕동 1678복사
롯데마트 포항점,경북 포항시 남구 지곡로 237복사,지곡동 481-1복사
롯데마트 월드컵점,광주 서구 금화로 240 월드컵경기장복사,풍암동 423-2 월드컵경기장복사
롯데마트 진주점,경남 진주시 동진로 440 지하1층 롯데마트 진주점복사,충무공동 35 지하1층 롯데마트 진주점복사
롯데마트 나주점,전남 나주시 내동길 15복사,송월동 1106-7복사
롯데마트 삼계점,경남 창원시 마산회원구 내서읍 경남대로 927 롯데마트 삼계점복사,삼계리 25-2 롯데마트 삼계점복사
롯데마트 양덕점,경남 창원시 마산회원구 삼호로 80 메트로시티 2단지복사,양덕동 84-14 메트로시티 2단지복사
롯데마트 울산점,울산 남구 삼산로 74복사,달동 830-1복사
롯데마트 시티세븐점,경남 창원시 성산구 원이대로 320 지하 1층복사,대원동 121 지하 1층복사
롯데마트 마산점,경남 창원시 마산합포구 신마산시장길 33 롯데마트복사,창포동3가 8-1 롯데마트복사
롯데마트 진장점,울산 북구 진장유통로 64복사,진장동 283-1복사
롯데마트 웅상점,경남 양산시 삼호1길 34 롯데마트복사,삼호동 681-8 롯데마트복사
롯데마트 진해점,경남 창원시 진해구 진해대로 762 진해미래쇼핑센터복사,석동 543-5 진해미래쇼핑센터복사
롯데마트 장유점,경남 김해시 번화1로56번길 15 롯데마트복사,대청동 300 롯데마트복사
롯데마트 김해점,경남 김해시 김해대로 2330 롯데마트복사,부원동 1041 롯데마트복사
롯데마트 남악점,전남 무안군 삼향읍 남악로162번길 80복사,남악리 2622복사
롯데마트 여수점,전남 여수시 국포1로 36복사,국동 37-16복사
롯데마트 화명점,부산 북구 화명대로 47 롯데쇼핑(주) 롯데마트 화명점복사,화명3동 2273 롯데쇼핑(주) 롯데마트 화명점복사
롯데마트 여천점,전남 여수시 무선로 187 롯데마트 여천점복사,선원동 1268-2 롯데마트 여천점복사
롯데마트 통영점,경남 통영시 무전대로 65복사,무전동 1069복사
롯데마트 광복점,부산 중구 중앙대로 2 롯데마트 광복점복사,중앙동7가 20-1 롯데마트 광복점복사
롯데마트 동래점,부산 동래구 중앙대로 1393복사,온천동 502-3복사
롯데마트 사상점,부산 사상구 낙동대로 733 롯데마트 사상점복사,엄궁동 690 롯데마트 사상점복사
롯데마트 부산점,부산 부산진구 신천대로 241복사,부암동 257복사
롯데마트 사하점,부산 사하구 을숙도대로 610 롯데마트복사,장림동 1033-2 롯데마트복사
롯데마트 동부산점,부산 기장군 기장읍 기장해안로 147 2층 롯데마트 동부산점복사,당사리 524 2층 롯데마트 동부산점복사
롯데마트 거제점,경남 거제시 서간도길 9-9복사,옥포동 241-1복사
롯데마트 제주점,제주 제주시 연북로 1 롯데마트복사,노형동 708 롯데마트복사
홈플러스 월곡점,서울 성북구 화랑로 76복사,하월곡동 46-73복사
홈플러스 동대문점,서울 동대문구 천호대로 133 홈플러스동대문점복사,용두동 33-1 홈플러스동대문점복사
홈플러스 중계점,서울 노원구 동일로204가길 12복사,중계동 509-2복사
홈플러스 상봉점,서울 중랑구 망우로 353 홈플러스상봉점복사,상봉동 500 홈플러스상봉점복사
홈플러스 방학점,서울 도봉구 도봉로 678 홈플러스방학점복사,방학동 707-7 홈플러스방학점복사
홈플러스 메가푸드마켓 방학점,서울 도봉구 도봉로 678 홈플러스데스코㈜방학점복사,방학동 707-7 홈플러스데스코㈜방학점복사
홈플러스 면목점,서울 중랑구 사가정로 332복사,면목동 168-2복사
홈플러스 신내점,서울 중랑구 신내로 201 홈플러스서울신내점복사,신내동 645 홈플러스서울신내점복사
홈플러스 합정점,서울 마포구 양화로 45 메세나폴리스 지하2층복사,서교동 490 메세나폴리스 지하2층복사
홈플러스 월드컵점,,서울 마포구 성산동 526-6복사
홈플러스 잠실점,서울 송파구 올림픽로35가길 16 홈플러스잠실점복사,신천동 7-12 홈플러스잠실점복사
홈플러스 메가푸드마켓 강동점,서울 강동구 양재대로 1571 천호복합 상업시설복사,천호동 42복사
홈플러스 강동점,서울 강동구 양재대로 1571 홈플러스강동점복사,천호동 42 홈플러스강동점복사
홈플러스 영등포점,서울 영등포구 당산로 42 홈플러스영등포점복사,문래동3가 55-3 홈플러스영등포점복사
홈플러스 강서점,서울 강서구 화곡로 398 홈플러스강서점복사,등촌동 639-11 홈플러스강서점복사
홈플러스 메가푸드마켓 강서점,서울 강서구 화곡로 398 홈플러스강서점앤본사사옥복사,등촌동 639-11복사
홈플러스 가양점,서울 강서구 양천로 431 홈플러스가양점복사,가양동 18-24 홈플러스가양점복사
홈플러스 남현점,서울 관악구 과천대로 909 남현프라자복사,남현동 612-51 남현프라자복사
홈플러스 신도림점,서울 구로구 경인로 661 신도림1차푸르지오복사,신도림동 337 대우미래사랑시티 지하 1층복사
홈플러스 의정부점,경기 의정부시 청사로 38복사,금오동 475-1복사
홈플러스 경기하남점,경기 하남시 하남대로 747복사,신장동 570복사
홈플러스메가푸드마켓 금천점,서울 금천구 시흥대로 391복사,독산동 291-7복사
홈플러스 진접점,경기 남양주시 금강로 1447 홈플러스복사,진접읍 장현리 216-1 홈플러스복사
홈플러스 시흥점,서울 금천구 시흥대로 201 홈플러스시흥점복사,시흥동 992-47 홈플러스시흥점복사
홈플러스 고양터미널점,경기 고양시 일산동구 중앙로 1036 고양터미널점 B2복사,백석동 1242 고양터미널점 B2복사
홈플러스 부천여월점,경기 부천시 오정구 소사로 663복사,여월동 301복사
홈플러스 일산점,경기 고양시 일산동구 중앙로1275번길 64 홈플러스 일산점복사,장항동 755 홈플러스 일산점복사
홈플러스 부천소사점,경기 부천시 소사구 경인로 532복사,괴안동 129-1복사
홈플러스 야탑점,경기 성남시 분당구 성남대로925번길 16 성남(분당)여객자동차터미널복사,야탑동 341 테마폴리스 3층복사
홈플러스 킨텍스점,경기 고양시 일산서구 호수로 817복사,대화동 2602복사
홈플러스 평촌점,경기 안양시 동안구 동안로 162복사,비산동 1109-3복사
홈플러스 김포풍무점,경기 김포시 풍무로 167복사,풍무동 38-1복사
홈플러스 포천송우점,경기 포천시 소흘읍 솔모루로 9복사,송우리 730-60복사
홈플러스 부천상동점,경기 부천시 원미구 길주로 118복사,상동 540-1복사
홈플러스 계산점,인천 계양구 오조산공원로 14 홈플러스계산점복사,계산동 1061 홈플러스계산점복사
홈플러스 안양점,경기 안양시 동안구 엘에스로 76 국제유통단지 가동복사,호계동 555-9 국제유통단지 가동복사
홈플러스 메가푸드마켓 작전점,인천 계양구 계양대로 27 홈플러스작전점복사,작전동 448-7 홈플러스작전점복사
홈플러스 파주운정점,경기 파주시 청암로17번길 17복사,목동동 927복사
홈플러스 메가푸드마켓 김포점,경기 김포시 중봉로 14복사,감정동 692복사
홈플러스 분당오리점,경기 성남시 분당구 탄천상로151번길 20복사,구미동 159복사
홈플러스 메가푸드마켓 간석점,인천 남동구 경원대로 971 홈플러스 간석점복사,간석동 616-3 홈플러스 간석점복사
홈플러스 구월점,인천 남동구 예술로 198복사,구월동 1130-4복사
홈플러스 가좌점,인천 서구 가정로151번길 11 홈플러스 가좌점복사,가좌동 118 홈플러스 가좌점복사
홈플러스 인천청라점,인천 서구 중봉대로 587복사,청라동 157-22복사
홈플러스 북수원점,경기 수원시 장안구 경수대로 930복사,조원동 896복사
홈플러스 인천논현점,인천 남동구 청능대로 596복사,논현동 650-1복사
홈플러스 파주문산점,경기 파주시 문산읍 방촌로 1759복사,당동리 880복사
홈플러스 안산선부점,경기 안산시 단원구 삼일로 316 홈플러스복사,선부동 1077-1 홈플러스복사
홈플러스원천점온라인마트,"경기 수원시 영통구 중부대로 437 , 홈플러스원천점복사",원천동 177-1복사
홈플러스 인천숭의점,인천 미추홀구 석정로 51복사,숭의동 180-6복사
홈플러스 인하점,인천 미추홀구 소성로 6 홈플러스복사,용현동 648 홈플러스복사
홈플러스 안산고잔점,경기 안산시 단원구 광덕대로 175 홈플러스복사,고잔동 707-2 홈플러스복사
홈플러스 메가푸드마켓 인천연수점,인천 연수구 청능대로 210복사,동춘동 926복사
홈플러스 서수원점,경기 수원시 권선구 금곡로 236복사,금곡동 1116-2복사
홈플러스 원천점,경기 수원시 영통구 중부대로 437 홈플러스테스코주식회사복사,원천동 177-1 홈플러스테스코주식회사복사
홈플러스 동수원점,경기 수원시 팔달구 효원로 257 홈플러스동수원점복사,인계동 1045 홈플러스동수원점복사
홈플러스 메가푸드마켓 시화점,경기 시흥시 희망공원로 269 홈플러스시화점복사,정왕동 2166-4 홈플러스시화점복사
홈플러스 메가푸드마켓 수원영통점,경기 수원시 영통구 봉영로 1576복사,영통동 994-2복사
홈플러스 영통점,경기 수원시 영통구 봉영로 1576복사,영통동 994-2복사
홈플러스 메가푸드마켓 송도점,인천 연수구 송도국제대로 165복사,송도동 168-3복사
홈플러스 병점점,경기 화성시 경기대로 985 홈플러스 병점점복사,병점동 399-4 홈플러스 병점점복사
홈플러스 화성동탄점,경기 화성시 동탄중앙로 200 METAPOLIS 상가동복사,반송동 98 METAPOLIS 상가동복사
홈플러스 오산점,경기 오산시 청학로 238 홈플러스복사,수청동 610 홈플러스복사
홈플러스 화성향남점,경기 화성시 향남로 402 홈플러스 화성향남점복사,향남읍 행정리 487-1 홈플러스 화성향남점복사
홈플러스 송탄점,경기 평택시 경기대로 1103 홈플러스복사,장당동 390-1 홈플러스복사
홈플러스 춘천점,강원 춘천시 김유정로 1840복사,퇴계동 141복사
홈플러스 평택안중점,경기 평택시 서동대로 1489복사,안중읍 현화리 637-19복사
홈플러스 원주점,강원 원주시 치악로 1489복사,관설동 1453복사
홈플러스 천안점,충남 천안시 동남구 천안대로 574 홈플러스복사,구성동 50 홈플러스복사
홈플러스 천안신방점,충남 천안시 동남구 신촌1길 23 홈플러스 스토어즈 천안신방점복사,신방동 784-9 홈플러스 스토어즈 천안신방점복사
홈플러스 오창점,충북 청주시 청원구 오창읍 중심상업1로 8-11복사,양청리 820복사
홈플러스 동청주점,충북 청주시 청원구 충청대로 114 그랜드플라자청주호텔 B1 홈플러스 동청주점복사,율량동 500-3 그랜드플라자청주호텔 B1 홈플러스 동청주점복사
홈플러스 청주성안점,충북 청주시 상당구 사직대로 346복사,서문동 157-14복사
홈플러스 조치원점,세종 조치원읍 허만석로 60복사,번암리 53복사
홈플러스 청주점,충북 청주시 흥덕구 서부로 1291복사,가경동 1696복사
홈플러스 세종점,세종 절재로 154복사,어진동 503복사
홈플러스 유성점,대전 유성구 한밭대로 502 홈플러스복사,봉명동 669 홈플러스복사
홈플러스 보령점,충남 보령시 명암1길 17복사,동대동 400-43복사
홈플러스 문화점,대전 중구 계백로 1690 홈플러스 문화점복사,문화동 1-17 홈플러스 문화점복사
홈플러스 대전가오점,대전 동구 은어송로 72복사,가오동 557복사
홈플러스 계룡점,충남 계룡시 계룡대로 304복사,금암동 21-5복사
홈플러스 문경점,경북 문경시 모전로 65 홈플러스복사,모전동 859-2 홈플러스복사
홈플러스 논산점,충남 논산시 시민로 187복사,내동 436-8복사
홈플러스 강릉점,강원 강릉시 경강로 2120 씨네몰복사,옥천동 189 씨네몰복사
홈플러스 영주점,경북 영주시 대학로 29 홈플러스 영주점복사,휴천동 329-1 홈플러스 영주점복사
홈플러스 익산점,전북 익산시 무왕로 1035복사,영등동 831-1복사
홈플러스 삼척점,강원 삼척시 중앙로 258 홈플러스복사,당저동 33-3 홈플러스복사
홈플러스 안동점,경북 안동시 경동로 656 홈플러스복사,운흥동 247-28 홈플러스복사
홈플러스 전주점,전북 전주시 덕진구 백제대로 771 홈플러스복사,우아동3가 733-1 홈플러스복사
홈플러스 전주완산점,전북 전주시 완산구 중노송동 기린대로 170 홈플러스복사,495-6 홈플러스복사
홈플러스 전주효자점,전북 전주시 완산구 용머리로 31 홈플러스복사,효자동1가 431-5 홈플러스복사
홈플러스 김제점,전북 김제시 금성로 114복사,검산동 838복사
홈플러스 구미점,경북 구미시 구미대로 174 홈플러스 구미광평점복사,광평동 792-21 홈플러스 구미광평점복사
홈플러스 칠곡점,대구 북구 동암로12길 8 홈플러스칠곡점복사,동천동 968 홈플러스칠곡점복사
홈플러스 메가푸드마켓 2.0 부산센텀시티점,부산 해운대구 센텀동로 6 홈플러스 센텀시티점복사,우동 1499복사
홈플러스 성서점,대구 달서구 달구벌대로 1467복사,용산동 230-11복사
홈플러스 내당점,대구 서구 달구벌대로 1821복사,내당동 65-6복사
홈플러스 남대구점,대구 남구 대명로 116복사,대명동 959-1복사
홈플러스 상인점,대구 달서구 월배로 183 상인 대성 스카이렉스복사,상인동 171-1 상인 대성 스카이렉스복사
홈플러스 동촌점,대구 동구 동촌로 127 홈플러스 동촌점복사,검사동 908-5 홈플러스 동촌점복사
홈플러스 대구수성점,대구 수성구 동대구로 95 수성 SK 리더스뷰복사,두산동 113 수성 SK 리더스뷰복사
홈플러스 경산점,경북 경산시 경안로 288 홈플러스 경산점복사,중방동 896 홈플러스 경산점복사
홈플러스 동광주점,광주 북구 동문대로 200 삼성홈플러스복사,두암동 575-1 삼성홈플러스복사
홈플러스 광주하남점,광주 광산구 용아로 390복사,하남동 831복사
홈플러스 계림점,광주 동구 무등로 314복사,계림동 505-900복사
홈플러스 죽도점,경북 포항시 북구 중흥로 328 홈플러스 죽도점복사,죽도동 50-1 홈플러스 죽도점복사
홈플러스 포항점,경북 포항시 남구 중흥로 77 밸류플러스복합빌딩복사,상도동 582 밸류플러스복합빌딩복사
홈플러스 메가푸드마켓 경주점,경북 경주시 공단로 97 홈플러스복사,용강동 800-11 홈플러스복사
홈플러스 밀양점,경남 밀양시 점필재로 45 홈플러스 밀양점복사,내이동 1402-1 홈플러스 밀양점복사
홈플러스 진주점,경남 진주시 대신로 304복사,상대동 181-1복사
홈플러스 순천점,전남 순천시 신월큰길 10복사,조례동 975-1복사
홈플러스 순천풍덕점,전남 순천시 팔마로 222 홈플러스 풍덕점복사,풍덕동 300 홈플러스 풍덕점복사
홈플러스 마산점,경남 창원시 마산회원구 삼호로 56 삼성홈플러스복사,양덕동 151-1 삼성홈플러스복사
홈플러스 창원점,경남 창원시 의창구 창원대로 415 삼성홈플러스복사,팔용동 30-3 삼성홈플러스복사
홈플러스 울산북구점,울산 북구 신답로 26 홈플러스복사,상안동 322-9 홈플러스복사
홈플러스 광양점,전남 광양시 항만11로 70 삼성홈프러스광양점복사,중동 1811-1 삼성홈프러스광양점복사
홈플러스 메가푸드마켓 울산점,울산 중구 번영로 475 홈플러스 울산점복사,복산동 100 홈플러스 울산점복사
홈플러스 울산남구점,울산 남구 수암로 148 홈플러스 울산남구점복사,야음동 789-91 홈플러스 울산남구점복사
홈플러스 김해점,경남 김해시 김해대로 2078 홈플러스복사,내동 1131-2 홈플러스복사
홈플러스 진해점,경남 창원시 진해구 충장로 356 홈플러스진해점복사,이동 536-10 홈플러스진해점복사
홈플러스 삼천포점,경남 사천시 중앙로 165 홈플러스복사,벌리동 58-3 홈플러스복사
홈플러스 목포점,전남 목포시 영산로 313 홈플러스목포점복사,용당동 1087-1 홈플러스목포점복사
홈플러스 울산동구점,울산 동구 방어진순환도로 637 홈플러스복사,일산동 577-1 홈플러스복사
홈플러스 부산정관점,부산 기장군 정관읍 정관5로 50 정관 홈플러스복사,매학리 712-1 정관 홈플러스복사
홈플러스 서부산점,부산 사상구 광장로 7복사,괘법동 529-1복사
홈플러스 동래점,부산 동래구 중앙대로 1523 SK HUB SKY복사,온천1동 153-8 SK HUB SKY복사
홈플러스 아시아드점,부산 연제구 종합운동장로 7 부산아시아드주경기장노외주차장복사,거제동 1427-6 부산아시아드주경기장노외주차장복사
홈플러스 부산반여점,부산 해운대구 선수촌로21번길 37복사,반여1동 1406-1복사
홈플러스 센텀시티점,부산 해운대구 센텀동로 6 홈플러스센텀시티점복사,우동 1499 홈플러스센텀시티점복사
홈플러스 장림점,부산 사하구 다대로 225복사,장림동 185복사
홈플러스 감만점,부산 남구 우암로 124복사,감만동 8복사
홈플러스 영도점,부산 영도구 대교로14번길 57 삼성테스코 홈플러스 영도지점복사,봉래동2가 151-1 삼성테스코 홈플러스 영도지점복사
홈플러스 거제점,경남 거제시 장평로 12복사,장평동 1211복사
홈플러스 서귀포점,제주 서귀포시 중앙로 180 홈플러스서귀포점복사,동홍동 1558 홈플러스서귀포점복사
